{
	"logo_type": "image",
	"logo_image": "",
	"retina_logo": "",
	"logo_height": "36",
	"logo_height_sm": "36",
	"logo_height_xs": "36",
	"mobile_logo": "",
	"logo_custom_link": "",
	"logo_text": "",
	"logo_slogan": "",
	"header_height": "60px",
	"enable_search": "1",
	"enable_login": "1",
	"header_device": "lg",
	"sticky_header": "1",
	"favicon": "",
	"preloader": "0",
	"loader_type": "",
	"body_bg_image": "",
	"body_bg_repeat": "inherit",
	"body_bg_size": "inherit",
	"body_bg_attachment": "inherit",
	"body_bg_position": "0 0",
	"copyright_position": "footer1",
	"copyright_load_pos": "default",
	"copyright": "This Joomla 5 Template is sponsored by ThriveDesk",
	"goto_top": "1",
	"show_social_icons": "1",
	"social_position": "top1",
	"social_load_pos": "default",
	"facebook": "#",
	"twitter": "#",
	"pinterest": "#",
	"linkedin": "#",
	"dribbble": "#",
	"instagram": "#",
	"behance": "#",
	"youtube": "#",
	"flickr": "#",
	"skype": "pq.softs",
	"whatsapp": "#",
	"vk": "#",
	"custom": "",
	"contactinfo": "1",
	"contact_position": "top2",
	"contact_load_pos": "default",
	"contact_phone": "+228 872 4444",
	"contact_mobile": "+775 872 4444",
	"contact_email": "contact@email.com",
	"contact_time": "",
	"comingsoon_title": "Coming Soon Title",
	"comingsoon_content": "Coming soon content",
	"comingsoon_date": "2025-01-01",
	"comingsoon_logo": "",
	"comingsoon_bg_image": "",
	"error_logo": "",
	"error_bg": "",
	"error_font_load": "0",
	"presets-data": "{\"preset1\":{\"label\":\"Preset 1\",\"default\":\"#0345BF\",\"description\":\"\",\"data\":{\"text_color\":\"#252525\",\"bg_color\":\"#FFFFFF\",\"link_color\":\"#0345BF\",\"link_hover_color\":\"#044CD0\",\"header_bg_color\":\"#FFFFFF\",\"topbar_bg_color\":\"#333333\",\"topbar_text_color\":\"#AAAAAA\",\"logo_text_color\":\"#0345BF\",\"menu_text_color\":\"#252525\",\"menu_text_hover_color\":\"#0345BF\",\"menu_text_active_color\":\"#0345BF\",\"menu_dropdown_bg_color\":\"#FFFFFF\",\"menu_dropdown_text_color\":\"#252525\",\"menu_dropdown_text_hover_color\":\"#0345BF\",\"menu_dropdown_text_active_color\":\"#0345BF\",\"footer_bg_color\":\"#171717\",\"footer_text_color\":\"#FFFFFF\",\"footer_link_color\":\"#A2A2A2\",\"footer_link_hover_color\":\"#FFFFFF\",\"preset\":\"preset1\"}},\"preset2\":{\"label\":\"Preset 2\",\"default\":\"#ec430f\",\"description\":\"\",\"data\":{\"text_color\":\"#252525\",\"preset\":\"preset2\",\"bg_color\":\"#FFFFFF\",\"link_color\":\"#ec430f\",\"link_hover_color\":\"#044CD0\",\"header_bg_color\":\"#FFFFFF\",\"topbar_bg_color\":\"#333333\",\"topbar_text_color\":\"#AAAAAA\",\"logo_text_color\":\"#ec430f\",\"menu_text_color\":\"#252525\",\"menu_text_hover_color\":\"#ec430f\",\"menu_text_active_color\":\"#ec430f\",\"menu_dropdown_bg_color\":\"#FFFFFF\",\"menu_dropdown_text_color\":\"#252525\",\"menu_dropdown_text_hover_color\":\"#ec430f\",\"menu_dropdown_text_active_color\":\"#ec430f\",\"footer_bg_color\":\"#171717\",\"footer_text_color\":\"#FFFFFF\",\"footer_link_color\":\"#A2A2A2\",\"footer_link_hover_color\":\"#FFFFFF\"}},\"preset3\":{\"label\":\"Preset 3\",\"default\":\"#0fa89d\",\"description\":\"\",\"data\":{\"text_color\":\"#252525\",\"bg_color\":\"#ffffff\",\"link_color\":\"#2C5F2D\",\"link_hover_color\":\"#fff\",\"header_bg_color\":\"#ffffff\",\"topbar_bg_color\":\"#03a83a\",\"topbar_text_color\":\"#ffffff\",\"logo_text_color\":\"#2C5F2D\",\"menu_text_color\":\"#03a83a\",\"menu_text_hover_color\":\"#030000\",\"menu_text_active_color\":\"#063803\",\"menu_dropdown_bg_color\":\"#2C5F2D\",\"menu_dropdown_text_color\":\"#2C5F2D\",\"menu_dropdown_text_hover_color\":\"#2C5F2D\",\"menu_dropdown_text_active_color\":\"#2C5F2D\",\"footer_bg_color\":\"#2C5F2D\",\"footer_text_color\":\"#2C5F2D\",\"footer_link_color\":\"#2C5F2D\",\"footer_link_hover_color\":\"#FFFFFF\"}},\"preset4\":{\"label\":\"Preset 4\",\"default\":\"#4943ac\",\"description\":\"\",\"data\":{\"text_color\":\"#252525\",\"preset\":\"preset4\",\"bg_color\":\"#FFFFFF\",\"link_color\":\"#4943ac\",\"link_hover_color\":\"#044CD0\",\"header_bg_color\":\"#FFFFFF\",\"topbar_bg_color\":\"#333333\",\"topbar_text_color\":\"#AAAAAA\",\"logo_text_color\":\"#4943ac\",\"menu_text_color\":\"#252525\",\"menu_text_hover_color\":\"#4943ac\",\"menu_text_active_color\":\"#4943ac\",\"menu_dropdown_bg_color\":\"#FFFFFF\",\"menu_dropdown_text_color\":\"#252525\",\"menu_dropdown_text_hover_color\":\"#4943ac\",\"menu_dropdown_text_active_color\":\"#4943ac\",\"footer_bg_color\":\"#171717\",\"footer_text_color\":\"#FFFFFF\",\"footer_link_color\":\"#A2A2A2\",\"footer_link_hover_color\":\"#FFFFFF\"}},\"preset5\":{\"label\":\"Preset 5\",\"default\":\"#00aeef\",\"description\":\"\",\"data\":{\"text_color\":\"#252525\",\"preset\":\"preset5\",\"bg_color\":\"#FFFFFF\",\"link_color\":\"#00aeef\",\"link_hover_color\":\"#044CD0\",\"header_bg_color\":\"#FFFFFF\",\"topbar_bg_color\":\"#333333\",\"topbar_text_color\":\"#AAAAAA\",\"logo_text_color\":\"#00aeef\",\"menu_text_color\":\"#252525\",\"menu_text_hover_color\":\"#00aeef\",\"menu_text_active_color\":\"#00aeef\",\"menu_dropdown_bg_color\":\"#FFFFFF\",\"menu_dropdown_text_color\":\"#252525\",\"menu_dropdown_text_hover_color\":\"#00aeef\",\"menu_dropdown_text_active_color\":\"#00aeef\",\"footer_bg_color\":\"#171717\",\"footer_text_color\":\"#FFFFFF\",\"footer_link_color\":\"#A2A2A2\",\"footer_link_hover_color\":\"#FFFFFF\"}},\"preset6\":{\"label\":\"Preset 6\",\"default\":\"#f68e13\",\"description\":\"\",\"data\":{\"text_color\":\"#252525\",\"preset\":\"preset6\",\"bg_color\":\"#FFFFFF\",\"link_color\":\"#f68e13\",\"link_hover_color\":\"#044CD0\",\"header_bg_color\":\"#FFFFFF\",\"topbar_bg_color\":\"#333333\",\"topbar_text_color\":\"#AAAAAA\",\"logo_text_color\":\"#f68e13\",\"menu_text_color\":\"#252525\",\"menu_text_hover_color\":\"#f68e13\",\"menu_text_active_color\":\"#f68e13\",\"menu_dropdown_bg_color\":\"#FFFFFF\",\"menu_dropdown_text_color\":\"#252525\",\"menu_dropdown_text_hover_color\":\"#f68e13\",\"menu_dropdown_text_active_color\":\"#f68e13\",\"footer_bg_color\":\"#171717\",\"footer_text_color\":\"#FFFFFF\",\"footer_link_color\":\"#A2A2A2\",\"footer_link_hover_color\":\"#FFFFFF\"}},\"preset7\":{\"label\":\"Preset 7\",\"default\":\"#2ba84a\",\"description\":\"\",\"data\":{\"text_color\":\"#252525\",\"preset\":\"preset7\",\"bg_color\":\"#FFFFFF\",\"link_color\":\"#2ba84a\",\"link_hover_color\":\"#044CD0\",\"header_bg_color\":\"#FFFFFF\",\"topbar_bg_color\":\"#333333\",\"topbar_text_color\":\"#AAAAAA\",\"logo_text_color\":\"#2ba84a\",\"menu_text_color\":\"#252525\",\"menu_text_hover_color\":\"#2ba84a\",\"menu_text_active_color\":\"#2ba84a\",\"menu_dropdown_bg_color\":\"#FFFFFF\",\"menu_dropdown_text_color\":\"#252525\",\"menu_dropdown_text_hover_color\":\"#2ba84a\",\"menu_dropdown_text_active_color\":\"#2ba84a\",\"footer_bg_color\":\"#171717\",\"footer_text_color\":\"#FFFFFF\",\"footer_link_color\":\"#A2A2A2\",\"footer_link_hover_color\":\"#FFFFFF\"}},\"preset8\":{\"label\":\"Preset 8\",\"default\":\"#ed145b\",\"description\":\"\",\"data\":{\"text_color\":\"#252525\",\"preset\":\"preset8\",\"bg_color\":\"#FFFFFF\",\"link_color\":\"#ed145b\",\"link_hover_color\":\"#044CD0\",\"header_bg_color\":\"#FFFFFF\",\"topbar_bg_color\":\"#333333\",\"topbar_text_color\":\"#AAAAAA\",\"logo_text_color\":\"#ed145b\",\"menu_text_color\":\"#252525\",\"menu_text_hover_color\":\"#ed145b\",\"menu_text_active_color\":\"#ed145b\",\"menu_dropdown_bg_color\":\"#FFFFFF\",\"menu_dropdown_text_color\":\"#252525\",\"menu_dropdown_text_hover_color\":\"#ed145b\",\"menu_dropdown_text_active_color\":\"#ed145b\",\"footer_bg_color\":\"#171717\",\"footer_text_color\":\"#FFFFFF\",\"footer_link_color\":\"#A2A2A2\",\"footer_link_hover_color\":\"#FFFFFF\"}},\"preset9\":{\"label\":\"Preset 9\",\"default\":\"#1953FF\",\"description\":\"\",\"data\":{\"text_color\":\"#3f4654\",\"preset\":\"preset9\",\"bg_color\":\"#FFFFFF\",\"link_color\":\"#1953FF\",\"link_hover_color\":\"#00194C\",\"header_bg_color\":\"#FFFFFF\",\"topbar_bg_color\":\"#333333\",\"topbar_text_color\":\"#AAAAAA\",\"logo_text_color\":\"#1953FF\",\"menu_text_color\":\"#252525\",\"menu_text_hover_color\":\"#00194C\",\"menu_text_active_color\":\"#00194C\",\"menu_dropdown_bg_color\":\"#FFFFFF\",\"menu_dropdown_text_color\":\"#252525\",\"menu_dropdown_text_hover_color\":\"#00194C\",\"menu_dropdown_text_active_color\":\"#00194C\",\"footer_bg_color\":\"#171717\",\"footer_text_color\":\"#FFFFFF\",\"footer_link_color\":\"#A2A2A2\",\"footer_link_hover_color\":\"#FFFFFF\"}}}",
	"preset": "{\"footer_link_hover_color\":\"#FFFFFF\",\"footer_link_color\":\"#A2A2A2\",\"footer_text_color\":\"#FFFFFF\",\"footer_bg_color\":\"#171717\",\"menu_dropdown_text_active_color\":\"#ec430f\",\"menu_dropdown_text_hover_color\":\"#ec430f\",\"menu_dropdown_text_color\":\"#252525\",\"menu_dropdown_bg_color\":\"#FFFFFF\",\"menu_text_active_color\":\"#ec430f\",\"menu_text_hover_color\":\"#ec430f\",\"menu_text_color\":\"#252525\",\"logo_text_color\":\"#ec430f\",\"topbar_text_color\":\"#AAAAAA\",\"topbar_bg_color\":\"#333333\",\"header_bg_color\":\"#FFFFFF\",\"link_hover_color\":\"#044CD0\",\"link_color\":\"#ec430f\",\"bg_color\":\"#FFFFFF\",\"text_color\":\"#252525\",\"preset\":\"preset9\"}",
	"custom_style": "0",
	"text_color": "#252525",
	"bg_color": "#ffffff",
	"link_color": "#0345bf",
	"link_hover_color": "#044cd0",
	"header_bg_color": "#ffffff",
	"logo_text_color": "#2b2b2b",
	"topbar_bg_color": "#333333",
	"topbar_text_color": "#aaaaaa",
	"menu_text_color": "#252525",
	"menu_text_hover_color": "#0345bf",
	"menu_text_active_color": "#0345bf",
	"menu_dropdown_bg_color": "#ffffff",
	"menu_dropdown_text_color": "#252525",
	"menu_dropdown_text_hover_color": "#0345bf",
	"menu_dropdown_text_active_color": "#0345bf",
	"offcanvas_menu_icon_color": "#000000",
	"offcanvas_menu_bg_color": "#FFFFFF",
	"offcanvas_menu_items_and_items_color": "#252525",
	"offcanvas_menu_active_menu_item_color": "#0345bf",
	"footer_bg_color": "#171717",
	"footer_text_color": "#ffffff",
	"footer_link_color": "#a2a2a2",
	"footer_link_hover_color": "#ffffff",
	"offcanvas_menu_icon_color": "#000000",
	"offcanvas_menu_bg_color": "#FFFFFF",
	"offcanvas_menu_items_and_items_color": "#252525",
	"offcanvas_menu_active_menu_item_color": "#252525",
	"predefined_header": "1",
	"header_style": "style-1",
	"layout": "[{\"type\":\"row\",\"layout\":12,\"settings\":{\"hide_desktop\":0,\"hide_small_desktop\":0,\"hide_tablet\":0,\"hide_large_mobile\":1,\"hide_mobile\":1,\"hidden_xs\":0,\"hidden_sm\":0,\"hidden_md\":0,\"name\":\"\",\"fluidrow\":1,\"custom_class\":\"\",\"padding\":\"\",\"margin\":\"\",\"color\":\"\",\"link_color\":\"\",\"link_hover_color\":\"\",\"background_color\":\"\",\"background_image\":\"\",\"hide_on_phone\":0,\"hide_on_large_phone\":0,\"hide_on_tablet\":0,\"hide_on_small_desktop\":0,\"hide_on_desktop\":0,\"hide_on_ex_large_desktop\":0},\"attr\":[{\"type\":\"sp_col\",\"settings\":{\"column_type\":0,\"name\":\"title\",\"custom_class\":\"\",\"sm_col\":\"\",\"xs_col\":\"\",\"grid_size\":12,\"hidden_xs\":0,\"hidden_sm\":0,\"hidden_md\":0}}]},{\"type\":\"row\",\"layout\":\"4+4+4\",\"settings\":{\"custom_class\":\"\",\"fluidrow\":0,\"margin\":\"\",\"padding\":\"\",\"hidden_md\":0,\"hidden_sm\":0,\"hidden_xs\":0,\"link_hover_color\":\"\",\"link_color\":\"\",\"color\":\"\",\"background_color\":\"\",\"name\":\"Main Body\"},\"attr\":[{\"type\":\"sp_col\",\"settings\":{\"column_type\":0,\"name\":\"left\",\"custom_class\":\"\",\"sm_col\":\"\",\"xs_col\":\"\",\"grid_size\":4,\"hidden_xs\":0,\"hidden_sm\":0,\"hidden_md\":0}},{\"type\":\"sp_col\",\"settings\":{\"column_type\":1,\"custom_class\":\"\",\"sm_col\":\"\",\"xs_col\":\"\",\"sortableitem\":\"[object Object]\",\"hidden_xs\":0,\"hidden_sm\":0,\"hidden_md\":0,\"grid_size\":4}},{\"type\":\"sp_col\",\"settings\":{\"column_type\":0,\"name\":\"right\",\"custom_class\":\"\",\"sm_col\":\"\",\"xs_col\":\"\",\"grid_size\":4,\"hidden_xs\":0,\"hidden_sm\":0,\"hidden_md\":0}}]},{\"type\":\"row\",\"layout\":\"3+3+3+3\",\"settings\":{\"name\":\"Bottom\",\"fluidrow\":0,\"custom_class\":\"\",\"padding\":\"\",\"margin\":\"\",\"color\":\"\",\"link_color\":\"\",\"link_hover_color\":\"\",\"background_color\":\"\",\"background_image\":\"\",\"background_repeat\":\"\",\"background_size\":\"\",\"background_attachment\":\"\",\"background_position\":\"\",\"hide_on_phone\":0,\"hide_on_large_phone\":0,\"hide_on_tablet\":0,\"hide_on_small_desktop\":0,\"hide_on_desktop\":0,\"hide_on_ex_large_desktop\":0,\"hidden_md\":0,\"hidden_sm\":0,\"hidden_xs\":0},\"attr\":[{\"type\":\"sp_col\",\"settings\":{\"sortableitem\":\"[object Object]\",\"column_type\":0,\"name\":\"bottom1\",\"hidden_xs\":0,\"hidden_sm\":0,\"hidden_md\":0,\"sm_col\":\"col-sm-6\",\"xs_col\":\"\",\"custom_class\":\"\",\"grid_size\":3}},{\"type\":\"sp_col\",\"settings\":{\"sortableitem\":\"[object Object]\",\"custom_class\":\"\",\"xs_col\":\"\",\"sm_col\":\"col-sm-6\",\"hidden_md\":0,\"hidden_sm\":0,\"hidden_xs\":0,\"name\":\"bottom2\",\"column_type\":0,\"grid_size\":3}},{\"type\":\"sp_col\",\"settings\":{\"grid_size\":3,\"hide_on_ex_large_desktop\":0,\"hide_on_desktop\":0,\"hide_on_small_desktop\":0,\"hide_on_tablet\":0,\"hide_on_large_phone\":0,\"hide_on_phone\":0,\"xs_col\":\"\",\"sm_col\":\"\",\"md_col\":\"\",\"xl_col\":\"\",\"xxl_col\":\"\",\"custom_class\":\"\",\"name\":\"bottom3\",\"column_type\":0}},{\"type\":\"sp_col\",\"settings\":{\"grid_size\":3,\"hide_on_ex_large_desktop\":0,\"hide_on_desktop\":0,\"hide_on_small_desktop\":0,\"hide_on_tablet\":0,\"hide_on_large_phone\":0,\"hide_on_phone\":0,\"xs_col\":\"\",\"sm_col\":\"\",\"md_col\":\"\",\"xl_col\":\"\",\"xxl_col\":\"\",\"custom_class\":\"\",\"name\":\"bottom4\",\"column_type\":0}}]},{\"type\":\"row\",\"layout\":\"6+6\",\"settings\":{\"name\":\"Footer\",\"background_color\":\"\",\"color\":\"\",\"link_color\":\"\",\"link_hover_color\":\"\",\"hidden_xs\":0,\"hidden_sm\":0,\"hidden_md\":0,\"padding\":\"\",\"margin\":\"\",\"fluidrow\":0,\"custom_class\":\"\"},\"attr\":[{\"type\":\"sp_col\",\"settings\":{\"sortableitem\":\"[object Object]\",\"grid_size\":6,\"column_type\":0,\"name\":\"footer1\",\"hidden_xs\":0,\"hidden_sm\":0,\"hidden_md\":0,\"sm_col\":\"\",\"xs_col\":\"\",\"custom_class\":\"\"}},{\"type\":\"sp_col\",\"settings\":{\"grid_size\":6,\"column_type\":0,\"name\":\"footer2\",\"hidden_xs\":0,\"hidden_sm\":0,\"hidden_md\":0,\"sm_col\":\"\",\"xs_col\":\"\",\"custom_class\":\"\"}}]}]",
	"menu": "mainmenu",
	"menu_type": "mega_offcanvas",
	"dropdown_width": "",
	"menu_animation": "menu-animation-fade-up",
	"offcanvas_position": "right",
	"offcanvas_style": "1-LeftAlign",
	"body_font": "{\"fontFamily\":\"Helvetica\",\"fontSize\":\"36\",\"fontWeight\":\"\",\"fontStyle\":\"italic\",\"fontSubset\":\"\"}",
	"h1_font": "{\"fontFamily\":\"Arial\",\"fontSize\":\"\",\"fontWeight\":\"\",\"fontStyle\":\"\",\"fontSubset\":\"\"}",
	"h2_font": "{\"fontFamily\":\"Arial\",\"fontSize\":\"\",\"fontWeight\":\"\",\"fontStyle\":\"\",\"fontSubset\":\"\"}",
	"h3_font": "{\"fontFamily\":\"Arial\",\"fontSize\":\"\",\"fontWeight\":\"\",\"fontStyle\":\"\",\"fontSubset\":\"\"}",
	"h4_font": "{\"fontFamily\":\"Arial\",\"fontSize\":\"\",\"fontWeight\":\"\",\"fontStyle\":\"\",\"fontSubset\":\"\"}",
	"h5_font": "{\"fontFamily\":\"Arial\",\"fontSize\":\"\",\"fontWeight\":\"\",\"fontStyle\":\"\",\"fontSubset\":\"\"}",
	"h6_font": "{\"fontFamily\":\"Arial\",\"fontSize\":\"\",\"fontWeight\":\"\",\"fontStyle\":\"\",\"fontSubset\":\"\"}",
	"enable_navigation_font": "1",
	"navigation_font": "{\"fontFamily\":\"Arial\",\"fontSize\":\"\",\"fontWeight\":\"\",\"fontStyle\":\"\",\"fontSubset\":\"\"}",
	"custom_font": "{\"fontFamily\":\"Arial\",\"fontSize\":\"\",\"fontWeight\":\"\",\"fontStyle\":\"\",\"fontSubset\":\"\"}",
	"custom_font_selectors": "",
	"gfont_api": "",
	"image_small_size": "100X100",
	"image_thumbnail_size": "600X340",
	"image_medium_size": "300X300",
	"image_large_size": "600X600",
	"image_crop_quality": "100",
	"blog_list_image": "thumbnail",
	"leading_blog_list_image": "large",
	"blog_details_image": "default",
	"social_share": "1",
	"social_share_lists": ["facebook", "twitter", "linkedin"],
	"scssoption": "1",
	"enable_fontawesome": "1",
	"ga_code": "",
	"ga_tracking_method": "",
	"offcanvas_max_level": "0"
}
