<?xml version="1.0" encoding="utf-8"?>
<extension version="3.8" type="plugin" group="system" method="upgrade">
    <name>Helix Ultimate based template installer</name>
    <description>Elevate - Joomla 4 and 5 Business Consultancy Template</description>
    <scriptfile>installer.script.php</scriptfile>
    <files>
		<filename plugin="tmp_helixult">installer.script.php</filename>
    </files>
    <plugins>
        <plugin plugin="helixultimate" group="system" />
    </plugins>
    <template name="tx_elevate"/>
</extension>
